0.000000000000000000e+00,0.000000000000000000e+00,0.000000000000000000e+00,0.000000000000000000e+00,0.000000000000000000e+00,0.000000000000000000e+00
7.272140404195678975e+00,8.052803239838535632e+00,6.943135695290671094e+00,8.418075065895385123e+00,9.622069698036799679e+00,-7.213875824455148189e-01
1.162687503019440882e+01,1.221479713324401928e+01,1.154642803821296582e+01,1.235981341285581081e+01,1.411880598799992015e+01,3.900641505078551230e+00
8.323836187741763482e+00,9.386651624165791574e+00,8.344350225230662943e+00,9.497424787388856871e+00,1.072936333135031006e+01,3.262241837914499065e-01
1.153183122538248950e+00,-6.768087387833613633e+00,-5.244293612711815378e+00,-7.575052118361432107e+00,-1.046174325173974751e+01,-1.117226865459421248e+01
0.000000000000000000e+00,0.000000000000000000e+00,0.000000000000000000e+00,0.000000000000000000e+00,0.000000000000000000e+00,0.000000000000000000e+00
1.153182816108014874e+00,-6.949215826153501752e+00,-6.839938702046164387e+00,-6.984750672434145713e+00,-9.671433346986736623e+00,-1.093677653557437068e+01
4.249497406581429715e+00,-4.540275731549629157e+00,-2.956375314944108545e+00,-5.470996854117033514e+00,-8.206725867574503397e+00,-8.349884081250959156e+00
9.622069657682231991e+00,-3.719668164089304341e+00,-1.623939939644692076e+00,-2.465228781380271350e+00,-5.615505808624281947e+00,-7.862973545812438125e+00
5.302520839608820147e+00,-4.347241373333838865e+00,-3.869711956257795293e+00,-3.603080870141177616e+00,-8.735175952192889781e+00,-7.994273729128158479e+00
0.000000000000000000e+00,0.000000000000000000e+00,0.000000000000000000e+00,0.000000000000000000e+00,0.000000000000000000e+00,0.000000000000000000e+00
6.366183459795735189e+00,-4.521699563002464117e+00,-5.613710479731060410e+00,-3.478156310210676061e+00,-6.910840735022445003e+00,-8.941116866464120960e+00
-4.275534489804331706e+00,-5.307670409137510426e+00,3.207000529174033332e+00,-6.097007287878236426e+00,-1.146340354667746375e+01,-1.078115622191385015e+01
5.302522154221067652e+00,-3.010158769764887943e+00,-4.675495837284963763e+00,-3.759321959658180390e+00,-8.142443739780540923e+00,-5.240684310960189940e+00
3.206997671096827762e+00,-5.759243434372621095e+00,-6.666720333783353603e+00,-6.693761690043741552e+00,-9.861111099657495771e+00,-8.276702216450019023e+00
0.000000000000000000e+00,0.000000000000000000e+00,0.000000000000000000e+00,0.000000000000000000e+00,0.000000000000000000e+00,0.000000000000000000e+00
1.761190524663502899e+01,1.879983850058126649e+01,1.761191320263066729e+01,1.879931226138605993e+01,9.799981208417097633e+00,1.999999999999998579e+01
1.072936333135031006e+01,9.510751395461420898e+00,1.033756308956171921e+01,9.227676700981691127e+00,4.169523467107512649e-01,8.222009004635278728e+00
1.527152119999992763e+01,1.369640108073713769e+01,1.074834754470211351e+01,1.399780411969522831e+01,4.986763032027162090e+00,1.280983623886485390e+01
1.184784174883870378e+01,1.036286153096027363e+01,7.376915418082075959e+00,1.051350422105795168e+01,1.327654845031741582e+00,9.419573805036515424e+00
0.000000000000000000e+00,0.000000000000000000e+00,0.000000000000000000e+00,0.000000000000000000e+00,0.000000000000000000e+00,0.000000000000000000e+00
-3.302524380801884263e+00,-4.393740881306299251e+00,-1.488334122436054230e+00,8.525849000383956877e+00,-8.497195361877240671e+00,-7.165306699935941381e+00
1.424296741512772524e+00,1.785599138610343584e+00,-5.932394127156310759e-01,1.297761792760215371e+01,-8.336259481683878647e+00,-6.822031170396319233e+00
-2.605168215128603748e+00,-2.480699544862354777e+00,-3.691075581198738131e+00,9.622069697882958295e+00,-7.040836648981900758e+00,-6.537330750001378199e+00
2.174932275015481586e+00,-5.060159252206297253e+00,-5.093639384884328436e+00,-6.728522494776303375e+00,-1.104160202109814470e+01,-1.203280606676218056e+01
0.000000000000000000e+00,0.000000000000000000e+00,0.000000000000000000e+00,0.000000000000000000e+00,0.000000000000000000e+00,0.000000000000000000e+00
2.174931960883206727e+00,-6.714840705383589459e+00,-4.124015477868731239e+00,-6.881955600346314483e+00,-9.341846954688643123e+00,-8.452243943286042338e+00
5.302522536637473749e+00,-5.448875021887319647e+00,-5.397147271597837914e+00,-3.776779263620829941e+00,-6.172557137337530975e+00,-8.079921189443291851e+00
8.525848381437350909e+00,-7.706458488392717854e-01,-1.768197015863126609e+00,-1.501995324180093849e+00,-7.018805911800218844e+00,-5.941324311228784794e+00
4.249495800362855569e+00,-5.543751626158555545e+00,-5.267419855225773162e+00,-5.538400659284707928e+00,-8.949208161918024373e+00,-9.223380577751001397e+00
0.000000000000000000e+00,0.000000000000000000e+00,0.000000000000000000e+00,0.000000000000000000e+00,0.000000000000000000e+00,0.000000000000000000e+00
5.302520721898727807e+00,-4.747565396067175314e+00,-3.876127097498950569e+00,-4.890328565037170172e+00,-6.953455876705199046e+00,-7.708028772750167512e+00
4.249497532277185741e+00,-4.971581336721358824e+00,-4.173909967856651804e+00,-1.755721042799577081e+00,-1.055803341738679890e+01,-1.146788410826760085e+01
6.366184444894754435e+00,-1.829725146664821667e+00,-3.480917529919008935e+00,-2.866799536708005913e+00,-5.161518094679274249e+00,-6.564203253888596379e+00
4.249496065500787623e+00,-4.589774909259205060e+00,-6.404354119738586704e+00,-6.430416778629977514e+00,-1.024204925874465033e+01,-9.302423758625510075e+00
0.000000000000000000e+00,0.000000000000000000e+00,0.000000000000000000e+00,0.000000000000000000e+00,0.000000000000000000e+00,0.000000000000000000e+00
1.381083028999995133e+00,-1.486969840000000043e-01,3.265279969271585703e+00,1.879999999634390306e+01,-3.808721054121533278e-02,9.517478731644984924e-01
1.183808379066757865e+01,-1.310228632582072006e+00,-2.630292818263237464e+00,-2.783048201434328295e-01,-4.826066895282727032e+00,-6.701413461161712881e+00
1.359378934803793904e+01,-9.624121529744801284e-01,-9.944543196091416570e-01,5.151589017061702913e-01,-6.019170339706028550e+00,-1.600248981479076571e+00
-4.405288555196766875e-01,-2.076843724240345690e+00,-2.064788524871157716e+00,1.018371145166694447e+01,-6.490416828906765190e+00,-6.188334924522749247e+00
0.000000000000000000e+00,0.000000000000000000e+00,0.000000000000000000e+00,0.000000000000000000e+00,0.000000000000000000e+00,0.000000000000000000e+00
3.207002556954498651e+00,-2.699983902746283970e+00,-3.203204162329583493e+00,-2.206526918162512452e+00,-8.548694176500230668e+00,-9.749997261804697501e+00
7.440588141136752043e+00,-3.561479839265540459e+00,-2.028634530464278551e+00,-3.577962571294186489e+00,-7.588945629082498812e+00,-6.649163211256695405e+00
4.249497320365959396e+00,-4.351495211767766769e+00,-5.272057344565579839e+00,-4.404754915752071120e+00,-9.067578606363971616e+00,-7.582209645862167946e+00
-4.036723282712460836e+00,-2.264032921239389484e+00,7.440590478187664836e+00,-3.955422806352082432e+00,-9.997350278011907676e+00,-8.360005941669960805e+00
0.000000000000000000e+00,0.000000000000000000e+00,0.000000000000000000e+00,0.000000000000000000e+00,0.000000000000000000e+00,0.000000000000000000e+00
-4.951985897240040124e+00,3.668467976933309505e-01,7.440590509176776557e+00,-2.889527262803962770e+00,-8.185662524839104393e+00,-9.386386909736184947e+00
-1.108395201400438346e-01,-3.121908979986648625e+00,1.072936228854959317e+01,-1.056496308755465074e+00,-5.109876182301488434e+00,-7.761298046327349098e+00
7.440589932016959729e+00,-3.987984424144070061e+00,-2.804475227461794340e+00,-2.944846960198964858e+00,-6.710865714758775802e+00,-8.443346961356649416e+00
3.207002463568227935e+00,-7.681102155624083494e+00,-7.694966493643724093e+00,-5.826299986231121331e+00,-9.015481668322228970e+00,-1.023120866349757385e+01
0.000000000000000000e+00,0.000000000000000000e+00,0.000000000000000000e+00,0.000000000000000000e+00,0.000000000000000000e+00,0.000000000000000000e+00
4.249497376670748672e+00,-5.878408576466202184e+00,-7.005682068256320782e+00,-4.972369020396632422e+00,-1.032028361336336353e+01,-8.370167158601072188e+00
5.302522223629719811e+00,-2.919684942728576704e+00,-4.435439833797611975e+00,-3.374360623417712368e+00,-9.835701780027283903e+00,-9.530263236046089048e+00
7.440590237095921822e+00,-3.337334417955481580e+00,-3.315106615430334802e+00,-2.362155170591594633e+00,-4.459087972088082275e+00,-7.061385893878791009e+00
-2.370677451247247713e+00,-5.223412002498480255e+00,5.302517573947444163e+00,-5.235690300540982278e+00,-8.742793099930603162e+00,-6.208375073473013650e+00
0.000000000000000000e+00,0.000000000000000000e+00,0.000000000000000000e+00,0.000000000000000000e+00,0.000000000000000000e+00,0.000000000000000000e+00
-6.115303157513956034e-01,-2.295859783126563691e+00,-2.231392765426910341e+00,-2.255769633188484224e+00,-4.501260819817758829e+00,-7.531143346867741784e+00
-3.194506395901000051e-01,-3.895201900000000439e-01,4.253103794113934910e+00,-4.715640078400000212e-01,-1.000000000000000000e+00,-1.000000000000000000e+00
1.289628018891054495e+01,-2.158210469313678992e+00,-2.157939567802093173e+00,-2.174130301338885740e+00,-4.336175253274936914e+00,-5.679526582058042727e+00
-1.023732567902816859e+00,-9.856909023788866797e-01,-9.786295278415445553e-01,-9.864025415913868500e-01,-3.627107561319405260e+00,-5.934222436529215550e+00
0.000000000000000000e+00,0.000000000000000000e+00,0.000000000000000000e+00,0.000000000000000000e+00,0.000000000000000000e+00,0.000000000000000000e+00
-4.956276458743232638e+00,-6.486389467820124821e+00,-4.188237963503508965e+00,2.174932531384836221e+00,-8.037598092823486695e+00,-1.157371072913315935e+01
6.366184605934203766e+00,-3.857974733371934306e+00,-4.889693498315687670e+00,-2.784815969134081914e+00,-6.212715417262081985e+00,-7.534479607005207136e+00
3.207000361724785087e+00,-5.571513246461555546e+00,-4.357678831972341627e+00,-6.209145564283084617e+00,-9.552880470205540320e+00,-8.546783713398294680e+00
5.945369758993997777e+00,7.108242522388513507e+00,8.525849001056425180e+00,5.716040639111756860e+00,-1.937256994442141833e+00,-2.000936328794970631e+00
0.000000000000000000e+00,0.000000000000000000e+00,0.000000000000000000e+00,0.000000000000000000e+00,0.000000000000000000e+00,0.000000000000000000e+00
5.038603470141540086e+00,6.657188897118202497e+00,8.525849001056425180e+00,5.959193463798923673e+00,-2.129685719534244459e+00,-2.130036592265350137e+00
-3.746672437708189474e-01,8.883068230053872139e-01,1.184784174883870378e+01,-1.606405649116956491e+00,-1.971327856822161051e+00,-5.106993376703921506e+00
6.366182710049756110e+00,-3.339361456714028620e+00,-3.549374718154092001e+00,-3.124723293881216168e+00,-6.475831535132789973e+00,-6.842242247733242522e+00
2.174926899747149367e+00,-5.433103746176004556e+00,-6.385149702947646944e+00,-6.907285479066168854e+00,-1.144211652486843711e+01,-1.002256660975704605e+01
0.000000000000000000e+00,0.000000000000000000e+00,0.000000000000000000e+00,0.000000000000000000e+00,0.000000000000000000e+00,0.000000000000000000e+00
3.207001402569027881e+00,-6.246516013737471340e+00,-6.318816359694048757e+00,-7.141788368480225913e+00,-7.876206617951173605e+00,-8.462007952507903497e+00
6.366184568101323826e+00,-5.378703674232362175e+00,-2.748208778935705698e+00,-3.565337068583589897e+00,-1.013942395121190820e+01,-1.020122003018219203e+01
8.525849001056425180e+00,-1.091150459852751720e+00,1.725106385744458848e+00,-3.187140301850859281e+00,-4.832814840643925969e+00,-5.017097063610512109e+00
6.366184605935097274e+00,-1.766774114055978062e+00,-4.296879381057117975e+00,-5.137379590744937552e+00,-6.723480180753081292e+00,-6.832259300646985167e+00
0.000000000000000000e+00,0.000000000000000000e+00,0.000000000000000000e+00,0.000000000000000000e+00,0.000000000000000000e+00,0.000000000000000000e+00
1.184396586595254774e+01,-2.538113956688187844e+00,-1.531932549095399221e+00,-2.527684112975043806e+00,-5.244799534460957702e+00,-7.799987973582011236e+00
1.291025926298983162e+00,-2.710000000000000187e-01,1.879999999987053982e+01,-8.094328375136639053e-02,-2.235272029736688371e+00,3.200584643174468447e+00
1.184784174883870378e+01,1.061417325913719800e+01,9.204595141098716127e+00,1.118592371027286525e+01,1.490421197870085646e+00,1.574518327795329631e+00
1.496204178973460053e+01,-1.072603005941501708e+00,-1.153933296601040270e+00,-1.071145400695248329e+00,-3.652881871418518944e+00,-4.253943532509885550e+00
0.000000000000000000e+00,0.000000000000000000e+00,0.000000000000000000e+00,0.000000000000000000e+00,0.000000000000000000e+00,0.000000000000000000e+00
-6.530452786221726313e+00,-6.670407513406520827e+00,-6.731745923875205762e+00,1.153174860621094977e+00,-7.828193874688521348e+00,-8.567864817168738156e+00
-4.172087476585335963e+00,-1.848903903202609111e+00,-3.401024102395253212e+00,5.302514928522267468e+00,-8.152511003690920077e+00,-8.801706532546038630e+00
2.174932055855457236e+00,-5.801032800732046191e+00,-5.500605928637244624e+00,-5.690646105445341441e+00,-9.153345717809305171e+00,-8.658368682601448540e+00
7.197037193727739535e+00,8.179022308489354742e+00,8.245112248313924752e+00,7.206644975643048845e+00,9.622069698036799679e+00,-8.060648446650255927e-01
0.000000000000000000e+00,0.000000000000000000e+00,0.000000000000000000e+00,0.000000000000000000e+00,0.000000000000000000e+00,0.000000000000000000e+00
7.049329048506649542e+00,8.404530442323789430e+00,8.106704285017308109e+00,7.247368351246812779e+00,9.622069698036799679e+00,-7.649904705860138820e-01
1.070312681332866411e+01,1.156200527408976519e+01,1.158939827940287692e+01,1.020789914921259189e+01,1.297761792811991199e+01,2.633119044504518058e+00
5.302520463007671658e+00,-5.468695048841462736e+00,-4.489676631928956496e+00,-4.398741826977402347e+00,-7.631917402804943684e+00,-8.010980580734821999e+00
1.153183004215144303e+00,-8.070616151395894278e+00,-7.821722446060139333e+00,-5.572365207393103148e+00,-1.107130518427314314e+01,-1.067234313705205651e+01
0.000000000000000000e+00,0.000000000000000000e+00,0.000000000000000000e+00,0.000000000000000000e+00,0.000000000000000000e+00,0.000000000000000000e+00
2.174932295853542197e+00,-6.439423825198595353e+00,-7.246640868421874160e+00,-5.666311171377317102e+00,-9.728416787301746638e+00,-1.094791685983760487e+01
5.302521782761825619e+00,-5.452364603315509761e+00,-4.238916314256039541e+00,-4.348591972260970273e+00,-9.486861273552902318e+00,-1.034964071933870855e+01
-2.150439131525314629e+00,-3.199708520710103699e+00,-1.487464590033020340e+00,7.440590440649715198e+00,-4.146785101534323559e+00,-7.474104434114853035e+00
5.302522116552687237e+00,-5.311127662729341559e+00,-5.296314267109041296e+00,-5.241722964927097550e+00,-7.956967444447808013e+00,-9.038421305937287542e+00
0.000000000000000000e+00,0.000000000000000000e+00,0.000000000000000000e+00,0.000000000000000000e+00,0.000000000000000000e+00,0.000000000000000000e+00
1.072936333135031006e+01,8.173630989254982993e+00,9.411792391971125937e+00,1.008371983200870758e+01,4.132377146418202418e-01,8.281407591280878222e+00
1.761086737341574349e+01,1.879998397593470116e+01,1.879991148741985896e+01,1.761179942261791354e+01,9.799888906385824328e+00,1.999999999999998579e+01
1.039553687994375686e+01,9.017712985110874158e+00,9.411958290343070743e+00,1.072936333135031006e+01,4.631022805925673613e-01,8.164932595822895323e+00
1.411880598799992015e+01,1.249903760656897944e+01,1.268137641324952725e+01,1.254426382403525153e+01,3.563008571630875920e+00,1.166944074153595956e+01
0.000000000000000000e+00,0.000000000000000000e+00,0.000000000000000000e+00,0.000000000000000000e+00,0.000000000000000000e+00,0.000000000000000000e+00
6.200370459266355105e+00,8.525849001056425180e+00,6.289445555265869459e+00,7.323071612840182709e+00,-1.774677740300095508e+00,-1.950388368391476224e+00
1.014905351308608594e+01,1.297761792811991199e+01,1.002860564593677850e+01,1.153304024259036353e+01,2.708390161039352595e+00,2.698448294329380825e+00
6.966745657080537946e+00,9.622069698036799679e+00,7.191013335839873122e+00,8.144526035610269332e+00,-6.667279117838673663e-01,-6.356770440366897867e-01
-5.467589087764575417e+00,-4.663072700328489972e+00,2.174932531384951240e+00,-5.023032759543841763e+00,-9.885879819022466819e+00,-9.696036498678839877e+00
0.000000000000000000e+00,0.000000000000000000e+00,0.000000000000000000e+00,0.000000000000000000e+00,0.000000000000000000e+00,0.000000000000000000e+00
-4.841789936406020622e+00,-5.444254330865313740e+00,2.174932531384951240e+00,-5.125128327244424575e+00,-9.578459047761345602e+00,-1.032905509590685966e+01
5.302522759876037384e+00,-2.373837668286590930e+00,-4.214164400511646313e+00,-2.725866652722916506e+00,-7.679354842693308925e+00,-6.998467852882800599e+00
1.072936333135031006e+01,-2.323163613200444289e+00,2.066326490479243994e+00,1.822528857393864943e+00,-3.627477394742957717e+00,-4.034923109735673918e+00
6.366184605935394814e+00,-3.442706934489971893e+00,-2.170848214465977311e+00,-3.083537769526794481e+00,-7.299124302306924328e+00,-6.643856344359075017e+00
0.000000000000000000e+00,0.000000000000000000e+00,0.000000000000000000e+00,0.000000000000000000e+00,0.000000000000000000e+00,0.000000000000000000e+00
7.440590511045856559e+00,-1.058842121913706080e+00,-2.487652201887867953e+00,7.284936798644026101e-01,-8.785254837652828996e+00,-6.907204594928109564e+00
4.249497279248915405e+00,-6.883524407969168202e+00,-5.094152837232517328e+00,-4.243325061960645073e+00,-9.437138283392307869e+00,-1.031260435522780128e+01
-2.344648009715231129e+00,-2.011105632686327027e+00,6.366184605935364615e+00,-1.075095199038386351e+00,-7.939544206386066172e+00,-4.593550690816959658e+00
4.249497532277234590e+00,-5.553041745157016429e+00,-4.299771976126691264e+00,-2.423065588677808524e+00,-9.240701794281481085e+00,-8.015628715285478378e+00
0.000000000000000000e+00,0.000000000000000000e+00,0.000000000000000000e+00,0.000000000000000000e+00,0.000000000000000000e+00,0.000000000000000000e+00
1.643572727553615920e+01,1.879999999999996874e+01,1.643575690111792653e+01,1.761177319704556155e+01,8.611771950381600149e+00,8.611972461856268524e+00
1.130109448379946180e+01,9.441302869869440784e+00,1.184784174883870378e+01,1.010052808576091543e+01,1.396165348273021412e+00,1.652469478416673132e+00
1.643587999999993343e+01,1.398824653864546086e+01,1.392764638638603714e+01,1.425369054541176972e+01,6.182617552252817283e+00,5.996470824299811042e+00
1.297761792811991199e+01,1.029329945670353830e+01,1.268943554545664298e+01,1.096191027237665416e+01,2.599646471628378031e+00,2.669777803235931390e+00
0.000000000000000000e+00,0.000000000000000000e+00,0.000000000000000000e+00,0.000000000000000000e+00,0.000000000000000000e+00,0.000000000000000000e+00
4.692235732484222765e+00,6.948463386550383980e+00,5.386991010625878040e+00,7.440590511045856559e+00,-3.061037414535840107e+00,-3.219817165902644440e+00
9.133864481004406954e+00,1.123493206436841518e+01,1.003661759749044968e+01,1.184784174883870378e+01,6.650961657508909219e-01,1.034349259559875556e+00
5.866569094871675105e+00,8.013730887262711988e+00,6.500630932084494162e+00,8.525849001056425180e+00,-1.955152301098119771e+00,-1.906568664037669558e+00
3.207002556954498651e+00,-2.823414307631338271e+00,-4.572388237110919462e+00,-4.259421324505146877e+00,-7.742581719454264544e+00,-8.109505685470679737e+00
0.000000000000000000e+00,0.000000000000000000e+00,0.000000000000000000e+00,0.000000000000000000e+00,0.000000000000000000e+00,0.000000000000000000e+00
3.207002556954498651e+00,-2.179856150390021341e+00,-1.869049215455753865e+00,-4.262642384219950564e+00,-7.574599113339520962e+00,-8.931459986659127992e+00
6.366184605935394814e+00,-3.867227762784707146e+00,-8.565534896834438028e-01,-4.294501185205669813e+00,-6.510446750320211251e+00,-5.697462066061834030e+00
9.622069698036799679e+00,-6.489140913750537365e-01,5.598457268307233115e-01,-2.324184459326980701e+00,-3.160274383412881694e+00,-4.677297695754939255e+00
5.302522759876037384e+00,-4.532745389916470025e+00,-4.365399230500560890e+00,-3.330047362181264070e+00,-7.177640087092620469e+00,-9.753530162459105313e+00
0.000000000000000000e+00,0.000000000000000000e+00,0.000000000000000000e+00,0.000000000000000000e+00,0.000000000000000000e+00,0.000000000000000000e+00
6.366184605935394814e+00,-2.278551918922226083e+00,-4.538254052713399211e+00,-3.344065175678703206e+00,-8.268742496685508314e+00,-5.794806388338312075e+00
5.302522759876037384e+00,-1.595910389631064463e+00,-4.600630895136639253e+00,-4.714695544956985174e+00,-9.422572388642635133e+00,-1.102370987479305775e+01
7.440590511045856559e+00,-2.380550332364510524e+00,1.311228844079686651e+00,2.352484432885856291e-01,-4.358642837127644221e+00,-5.003237718507821619e+00
5.302522759875804681e+00,-5.249215222844012096e+00,-4.408252655055482805e+00,-5.174411693860863082e+00,-8.082748613814551675e+00,-7.278930905298890863e+00
0.000000000000000000e+00,0.000000000000000000e+00,0.000000000000000000e+00,0.000000000000000000e+00,0.000000000000000000e+00,0.000000000000000000e+00
1.525626572985804330e+01,1.760899178778111107e+01,1.641604527856742379e+01,1.761199999999995214e+01,7.430343349188940572e+00,7.428449859618646123e+00
1.297761792811991199e+01,9.475924422711724304e+00,1.146757434470515413e+01,1.024808252524468699e+01,2.699151828883354476e+00,2.560251977241747134e+00
2.190461998675658606e+00,-8.708042210954862750e-01,3.424114691277327704e+00,1.527151897629174471e+01,-4.254824410071770480e+00,-1.600856421620303838e+00
1.411876516249663993e+01,-1.111895066512394115e+00,-1.662987102906185566e+00,8.685243649247356146e-01,-2.004007915556840658e+00,-7.147729653968950991e+00
0.000000000000000000e+00,0.000000000000000000e+00,0.000000000000000000e+00,0.000000000000000000e+00,0.000000000000000000e+00,0.000000000000000000e+00
4.249497532277272782e+00,-9.245376038884598469e-01,-5.865578983839483840e+00,-1.065961550336798513e+00,-7.899428566079249592e+00,-7.878749162437564735e+00
8.525849001056419851e+00,1.182719666975442507e-01,-2.295381672654374317e+00,-3.069817936012225523e+00,-6.277916258312331799e+00,-6.344071698633731771e+00
5.302522759876037384e+00,-5.004842493707598372e+00,-2.176110659233028599e+00,-2.282561317163450898e+00,-6.011886952226774383e+00,-7.524469080811157617e+00
-4.387230369727454615e+00,-5.349411445738619264e+00,6.366184582615984411e+00,-4.333351696756114535e+00,-9.883131586629223975e+00,-9.264790898585191670e+00
0.000000000000000000e+00,0.000000000000000000e+00,0.000000000000000000e+00,0.000000000000000000e+00,0.000000000000000000e+00,0.000000000000000000e+00
2.446880183191872948e+00,5.271417664809138870e+00,6.366184605935394814e+00,4.538539062199919094e+00,-4.085579242761012253e+00,-4.013376302714630306e+00
-2.483637065903080199e+00,-2.184417759978227291e+00,9.622069697233341046e+00,1.285557103499181952e+00,-4.695637042943328510e+00,-3.914672525258685809e+00
8.525849001056425180e+00,-3.132545963624865593e+00,-1.818952280857911052e+00,-2.449557806463500853e+00,-4.533884589311529822e+00,-3.987181163641908110e+00
4.249497532277272782e+00,-4.888324394349290003e+00,-2.007069109652513728e+00,-2.408992248135596093e+00,-8.025547642040764984e+00,-8.702238945163864869e+00
0.000000000000000000e+00,0.000000000000000000e+00,0.000000000000000000e+00,0.000000000000000000e+00,0.000000000000000000e+00,0.000000000000000000e+00
5.302522759876037384e+00,-5.626089099899395762e+00,-5.641353269983792273e+00,-2.897137932197255239e+00,-7.147374979999174371e+00,-8.301819855891162447e+00
6.366184605935394814e+00,-2.565925718184603799e+00,-1.381754556290626823e+00,-4.368259479416805036e+00,-8.894909478534360758e+00,-1.070060585434842970e+01
8.525849001056425180e+00,-1.395169630507314018e+00,1.633278140853699600e+00,-1.137983061990909484e+00,-5.438806156563232186e+00,-3.580133318186942581e+00
6.366184595526753753e+00,-4.236221301582519416e+00,-3.968629169704966486e+00,-3.195354205016777360e+00,-6.073902216362135675e+00,-6.360580393045741410e+00
0.000000000000000000e+00,0.000000000000000000e+00,0.000000000000000000e+00,0.000000000000000000e+00,0.000000000000000000e+00,0.000000000000000000e+00
1.411867255260644427e+01,-2.076701359966885096e+00,-1.958445560819878750e+00,-7.193882580758390599e-01,-6.936855238365790655e+00,-5.188760750399512567e+00
2.223461579782048059e+00,-5.304765250656942044e-01,1.643587983297910782e+01,9.315747386036496991e-01,-2.207446343238662845e+00,-3.536091784850509789e+00
1.411880420178512274e+01,3.005911792374910352e+00,6.355779091017601523e-01,-1.907742413021407790e+00,-6.931326643591414260e+00,-6.380162603732514981e+00
-8.990247524392424028e-01,-9.551508266843657946e-01,1.526230410872748422e+01,2.490948745690775734e+00,-4.072223889117665863e+00,-6.261155272461759402e+00
0.000000000000000000e+00,0.000000000000000000e+00,0.000000000000000000e+00,0.000000000000000000e+00,0.000000000000000000e+00,0.000000000000000000e+00
3.207002556954495542e+00,-4.779133251370424773e+00,-4.852158492335147955e+00,-3.472082161288873703e+00,-1.011155864645523117e+01,-9.309021925223447624e+00
7.440590511045856559e+00,-5.603858605551674810e-01,6.361704705278683480e-01,3.373898606724221594e-01,-6.118428437131686159e+00,-7.230462989255062922e+00
4.249497532277266565e+00,-5.183915458723456382e+00,-4.127025802464803661e+00,-6.167902547682524883e+00,-6.398595550122002429e+00,-9.651072911741220395e+00
4.817805316077597766e+00,7.440590511045856559e+00,5.282555060755459664e+00,4.156685790590060492e+00,-3.555555196508813243e+00,-3.131484176129955443e+00
0.000000000000000000e+00,0.000000000000000000e+00,0.000000000000000000e+00,0.000000000000000000e+00,0.000000000000000000e+00,0.000000000000000000e+00
4.913970220663579802e+00,7.440590511045856559e+00,6.892853382355521141e+00,4.818557299959881135e+00,-3.007483108487979173e+00,-2.897154464925954631e+00
7.498174628718277113e+00,9.808639091385868980e+00,1.072936333135031006e+01,8.043401508027427482e+00,-2.855627308648664431e-01,1.020169343769488646e-01
7.440590511045856559e+00,-2.355209070055358289e+00,-4.579512936614684726e-01,-1.124664754307488357e+00,-6.935618954527096314e+00,-4.739385983162883953e+00
-4.721255880693742135e+00,-6.865137721118260927e+00,-4.096893292702275424e+00,3.207002556954437367e+00,-1.116652202729910037e+01,-8.857185869203309636e+00
0.000000000000000000e+00,0.000000000000000000e+00,0.000000000000000000e+00,0.000000000000000000e+00,0.000000000000000000e+00,0.000000000000000000e+00
4.249497532277235479e+00,-3.205303002142942503e+00,-5.240183858910686610e+00,-1.669932128615894573e+00,-7.621339017510723401e+00,-7.797243806625633766e+00
7.440590511045856559e+00,7.554952870424092026e-01,-1.019200186117930285e+00,-3.344774871535340033e+00,-8.427012455941206071e+00,-6.542017097080230492e+00
9.622069698036799679e+00,-1.458821331978034097e-01,1.478763173056381941e+00,3.800734087026390817e+00,-2.370871367444172595e+00,-4.832977974732743931e+00
7.440590511045856559e+00,-6.381297844373163830e-01,-1.424970982612582038e+00,-1.414532259687796056e+00,-6.628967781850230168e+00,-5.350057270002982257e+00
0.000000000000000000e+00,0.000000000000000000e+00,0.000000000000000000e+00,0.000000000000000000e+00,0.000000000000000000e+00,0.000000000000000000e+00
1.297761792811991199e+01,1.040711875052668134e+01,1.022716187704891588e+01,1.243900149368070096e+01,2.421276702411259585e+00,2.452477415738099964e+00
1.527129232962166583e+01,1.761195139644051721e+01,1.761199999999995214e+01,1.526997617369625715e+01,7.435350340965846350e+00,7.432457995648905857e+00
1.297761792811991199e+01,1.022958490818171207e+01,1.058133255507124915e+01,1.251532549307727749e+01,2.616225005418460814e+00,2.743513239346426769e+00
1.643587999975870062e+01,-8.958699110900523177e-01,-8.964381454140311067e-01,1.185739919083108607e+00,-2.599153246186635347e+00,-1.681778607235448586e+00
0.000000000000000000e+00,0.000000000000000000e+00,0.000000000000000000e+00,0.000000000000000000e+00,0.000000000000000000e+00,0.000000000000000000e+00
-6.337464109036810456e+00,-6.500693346813521067e+00,-6.361060113295112117e+00,2.174931376151490348e+00,-8.830409621579084600e+00,-9.554830543637702789e+00
6.366184556303620568e+00,-3.988475051986462017e+00,-4.923488335176159580e+00,-2.748209172880965667e+00,-5.777422905790603025e+00,-8.306928876813767459e+00
3.207002556954495098e+00,-5.659963634754913819e+00,-3.480002020975201393e+00,-6.342681759159948029e+00,-9.525895978994322277e+00,-8.765204644923290545e+00
-3.462535363639437147e+00,8.525849001056425180e+00,1.680747994020303615e+00,1.129366959455059938e+00,-6.874734660130912722e+00,-5.335451124031111547e+00
0.000000000000000000e+00,0.000000000000000000e+00,0.000000000000000000e+00,0.000000000000000000e+00,0.000000000000000000e+00,0.000000000000000000e+00
8.785262336581745046e-01,8.525849001056425180e+00,3.244528963185422832e+00,3.853116162798703837e+00,-7.328631905689422688e+00,-7.931756636513425995e+00
9.078730820542318725e+00,1.184784174883870378e+01,1.052657895658387766e+01,9.515480838695021149e+00,1.456349535100891490e+00,1.445666033268879103e+00
-5.416039515068923338e-01,-5.360421218208276883e+00,-2.547281497641191716e+00,6.366184605935167440e+00,-6.015913563535457698e+00,-6.916885243627077351e+00
2.174932531384950352e+00,-5.742441635247539367e+00,-6.994111318526957888e+00,-6.886606942904423434e+00,-1.084557868233883227e+01,-9.965158180909213570e+00
0.000000000000000000e+00,0.000000000000000000e+00,0.000000000000000000e+00,0.000000000000000000e+00,0.000000000000000000e+00,0.000000000000000000e+00
3.207002556954488881e+00,-3.058230841607657791e+00,-4.593393784059220053e+00,-5.164151873310800056e+00,-7.881685254197000390e+00,-7.313822184405051274e+00
-2.234483140299516002e+00,-2.726590893304050578e+00,-4.214976555772763867e+00,6.366184605935393925e+00,-1.109709126617326547e+01,-8.670443471264956514e+00
8.525847898622551213e+00,-5.291395562036124156e-01,-1.082738102500455657e+00,-3.059067788114679498e+00,-4.119048053051526104e+00,-4.498791743057018344e+00
6.366184605935392149e+00,-1.270512257270788758e+00,-3.004241036284961641e+00,-1.080556617189347701e+00,-8.816044239977438579e+00,-7.348013162056804326e+00
0.000000000000000000e+00,0.000000000000000000e+00,0.000000000000000000e+00,0.000000000000000000e+00,0.000000000000000000e+00,0.000000000000000000e+00
1.161047063996545248e+01,9.223389167523102117e+00,1.027266475591304662e+01,1.184784174883870378e+01,1.602256416690303720e+00,1.652050666002407020e+00
1.643527132339625396e+01,1.879999999999996874e+01,1.761156547530107730e+01,1.643517484759187042e+01,8.611749716064824867e+00,8.611874353856995512e+00
-1.072303475614069246e+00,-1.357635378965687867e+00,-1.814284682984582675e+00,1.184677336965461514e+01,-5.996567467474470448e+00,-4.975412890395787713e+00
1.527152119999992763e+01,1.231914702337516232e+01,1.394066827682043730e+01,1.477243594250257708e+01,4.512287050942714650e+00,4.873537156524163194e+00
0.000000000000000000e+00,0.000000000000000000e+00,0.000000000000000000e+00,0.000000000000000000e+00,0.000000000000000000e+00,0.000000000000000000e+00
-1.495110329140223904e+00,7.440590511045856559e+00,-3.079618553204362730e+00,-3.705506872482507985e-01,-6.069268895111268769e+00,-5.824783176878930213e+00
1.401258179232092838e+00,1.184784174883870378e+01,1.614991364716145572e+00,2.887455839210188113e+00,-4.701121106620211876e+00,-4.415862229695441954e+00
-1.428767776858197225e+00,8.525849001056425180e+00,-6.054000481709890247e-01,1.224416639998268996e+00,-8.712772649766792554e+00,-5.281226998593052002e+00
-4.935459336070782577e+00,-7.013360928755655976e+00,3.207002556954498651e+00,-5.215031276091513845e+00,-9.218069578304774581e+00,-7.997840264162578094e+00
0.000000000000000000e+00,0.000000000000000000e+00,0.000000000000000000e+00,0.000000000000000000e+00,0.000000000000000000e+00,0.000000000000000000e+00
-6.327283027683266781e+00,-3.333363558452082653e+00,3.207002556954498651e+00,-4.625472452655953859e+00,-8.601721683732685975e+00,-8.886237822670393527e+00
6.476318865864194585e-01,-2.967104476419921699e-01,6.366184605935394814e+00,1.258971337570943705e+00,-6.781651947470301423e+00,-6.643094442083560480e+00
1.184784174883870378e+01,9.410450975172309995e+00,8.869096297973204202e+00,1.042840676621227125e+01,1.326337766752740954e+00,1.436343565293407343e+00
7.440590511045856559e+00,4.910814343674964277e+00,4.985470105059347290e+00,6.056415212467718412e+00,-2.862879510198457211e+00,-2.718765512358344516e+00
0.000000000000000000e+00,0.000000000000000000e+00,0.000000000000000000e+00,0.000000000000000000e+00,0.000000000000000000e+00,0.000000000000000000e+00
8.525849001056425180e+00,6.082177315250098637e+00,6.003441442669911865e+00,7.005192393101638437e+00,-1.658060271752300086e+00,-1.783422954165255536e+00
-4.008701055955468107e+00,-1.459668457662084418e+00,5.302522759876037384e+00,-4.584475569765526615e+00,-1.047069371138779914e+01,-9.907052872967085477e+00
-3.443601035200541283e+00,-3.250460741621485905e-01,7.440590511045856559e+00,1.412056367933326451e-01,-4.969164584344890834e+00,-7.457953496665813198e+00
-9.568962035969643676e-01,-1.752473677533269214e+00,5.302522759876037384e+00,-1.961509820872346488e+00,-8.009078782779980088e+00,-7.417125774576648567e+00
0.000000000000000000e+00,0.000000000000000000e+00,0.000000000000000000e+00,0.000000000000000000e+00,0.000000000000000000e+00,0.000000000000000000e+00
1.495102359511978030e+01,1.761199999999995214e+01,1.453524598491164710e+01,1.594481286215888716e+01,7.166054185171110369e+00,7.016339448315334515e+00
1.032520031288455797e+01,1.060298284493039311e+01,1.297761792811991199e+01,1.151628486992212430e+01,2.619639941626912716e+00,2.658743261394339363e+00
1.761199999999995214e+01,1.527105340234587416e+01,1.527139742131625333e+01,1.643577742144173470e+01,7.435642725255820373e+00,7.435857857145431460e+00
1.183171057566961082e+01,1.183971635338254913e+01,1.411880598799992015e+01,1.297680015950684762e+01,3.976593105756112134e+00,3.975825155790206011e+00
0.000000000000000000e+00,0.000000000000000000e+00,0.000000000000000000e+00,0.000000000000000000e+00,0.000000000000000000e+00,0.000000000000000000e+00
3.725738186321271073e+00,6.366184605935394814e+00,3.608339065237579746e+00,5.004338924815983525e+00,-3.927217163483843088e+00,-3.936972653911394282e+00
7.675553182050587786e+00,1.072936333135031006e+01,7.544007760016843811e+00,9.865809975477231930e+00,2.925499362261546055e-01,1.374714349867532659e-01
4.461816364533950363e+00,7.440590511045856559e+00,4.870815552168121343e+00,5.913610820903704379e+00,-3.008999545934451625e+00,-3.141311786357245062e+00
6.314126800689826569e-01,-9.354516321628754127e-01,4.249497532277272782e+00,-3.831210261704747766e-01,-6.281308110877377615e+00,-6.745426281874330243e+00
0.000000000000000000e+00,0.000000000000000000e+00,0.000000000000000000e+00,0.000000000000000000e+00,0.000000000000000000e+00,0.000000000000000000e+00
-1.062915297695329775e+00,-1.145815883805612612e-01,4.249497532277272782e+00,-7.389212505909967810e-01,-7.343110739091226691e+00,-7.281258662340581722e+00
3.936142525269706649e+00,4.306762311296371770e+00,7.440590511045856559e+00,3.434555450768835172e+00,-3.306615833860450770e+00,-4.059537459250073255e+00
7.720001807791137871e+00,7.746814849275414083e+00,8.050960574982632068e+00,1.072936333135031006e+01,2.076961853497751032e-01,3.499409085579336942e-01
3.301159311472865010e+00,3.880599290476431040e+00,3.406145286214719459e+00,6.366184605935394814e+00,-4.167556989473117035e+00,-3.788101613086288566e+00
0.000000000000000000e+00,0.000000000000000000e+00,0.000000000000000000e+00,0.000000000000000000e+00,0.000000000000000000e+00,0.000000000000000000e+00
4.642406131556230164e+00,4.510880237747890042e+00,4.403122992434417071e+00,7.440590511045856559e+00,-2.897791068333332110e+00,-3.024446564895471479e+00
1.577202712454589539e-02,-1.237302031374569733e+00,6.366184605935394814e+00,9.490024020067465704e-01,-5.564527192312820780e+00,-5.750717393323822257e+00
4.034826188368176858e+00,8.824151855769409858e-01,8.525849001056425180e+00,4.911800015449003354e+00,-1.969898770270142041e+00,-2.504991920018656781e+00
1.509450970136732462e+00,-5.926488655124582117e-01,6.366184605935394814e+00,1.369674676127052848e+00,-5.053131899290107754e+00,-5.277283554192339743e+00
0.000000000000000000e+00,0.000000000000000000e+00,0.000000000000000000e+00,0.000000000000000000e+00,0.000000000000000000e+00,0.000000000000000000e+00
1.403652693032114840e+01,1.643587999999993343e+01,1.410929778462207373e+01,1.642511724517054361e+01,6.267001840304135207e+00,6.268811125916947447e+00
1.177909664011506585e+01,1.184157359569134726e+01,1.411880598799992015e+01,1.182839653847682548e+01,3.902045592581262934e+00,3.973155729665726721e+00
1.401885052858228953e+01,1.410189769342080623e+01,1.408182690712063945e+01,1.643587999999993343e+01,6.268238003826868798e+00,6.266095889427071519e+00
1.279211806006493291e+01,1.296958586278013392e+01,1.527152119999992763e+01,1.297411881421890989e+01,5.111791709728294109e+00,5.105876130908667321e+00
0.000000000000000000e+00,0.000000000000000000e+00,0.000000000000000000e+00,0.000000000000000000e+00,0.000000000000000000e+00,0.000000000000000000e+00
2.185877106377211554e+00,1.095423712568969421e+00,1.261487585810731726e+00,5.302522759876037384e+00,-5.267006153362347121e+00,-4.970346136323628095e+00
5.227714924181665168e+00,5.613304887177114288e+00,6.075953349099288303e+00,9.622069698036799679e+00,-1.760129361702437389e+00,-1.797800618267009876e+00
1.844725171713621714e+00,3.327012429931393012e+00,3.380076769773220136e+00,6.366184605935394814e+00,-4.765409650730856761e+00,-4.770995160141421998e+00
2.526594230213405901e+00,3.781579400909152788e+00,5.302522759876037384e+00,1.824125729124047801e+00,-5.798094690589664424e+00,-5.351158448529643508e+00
0.000000000000000000e+00,0.000000000000000000e+00,0.000000000000000000e+00,0.000000000000000000e+00,0.000000000000000000e+00,0.000000000000000000e+00
5.931506050222530302e-01,5.302522759876037384e+00,3.906864854621092231e+00,2.224086522539727273e+00,-5.255358832432874827e+00,-5.484924595557610694e+00
4.368086356333621190e+00,5.187900421300492226e+00,8.525849001056425180e+00,3.968478105584694049e+00,-2.108252766121721855e+00,-2.988734437667313948e+00
6.086933874677280976e+00,6.385956706829602147e+00,6.258684093908766677e+00,9.622069698036799679e+00,-1.893605776743087832e+00,-1.542232614666219304e+00
1.947008298293070983e+00,8.687408629637873858e-01,9.725233400991488697e-01,5.302522759876037384e+00,-5.306030362912101062e+00,-5.279719133893084226e+00
0.000000000000000000e+00,0.000000000000000000e+00,0.000000000000000000e+00,0.000000000000000000e+00,0.000000000000000000e+00,0.000000000000000000e+00
3.478776615555689400e+00,3.478546530014357430e+00,3.105407638645557356e+00,6.366184605935394814e+00,-4.294560485245009218e+00,-3.909189761514856976e+00
4.188222324925607865e+00,4.439129188431829576e+00,7.440590511045856559e+00,3.086426147820720445e+00,-3.046503805989991598e+00,-3.874646135200240149e+00
5.880838577388271204e+00,6.268055465827251815e+00,9.622069698036799679e+00,5.973556399372347947e+00,-1.411303853176201883e+00,-9.454968056698495049e-01
3.799526746136664190e+00,3.772881109694136814e+00,7.440590511045856559e+00,4.808461953135712896e+00,-5.078265113165912226e+00,-3.356448005590070949e+00
0.000000000000000000e+00,0.000000000000000000e+00,0.000000000000000000e+00,0.000000000000000000e+00,0.000000000000000000e+00,0.000000000000000000e+00
1.278394298444900556e+01,1.296166431722200940e+01,1.296929516400114935e+01,1.527152119999992763e+01,5.117878617226174320e+00,5.113809367998675803e+00
1.292843774880467045e+01,1.526577542393541442e+01,1.527152119999992763e+01,1.297480400680939283e+01,5.112529614408665601e+00,5.117925043143483954e+00
1.286075396401915150e+01,1.295836743435377159e+01,1.297453715907095351e+01,1.527152119999992763e+01,5.111091049709379774e+00,5.106562590493687992e+00
1.380142998397980669e+01,1.403387017630449130e+01,1.643587999999993343e+01,1.409547155168324828e+01,6.270476244987060355e+00,6.252320353514020823e+00
0.000000000000000000e+00,0.000000000000000000e+00,0.000000000000000000e+00,0.000000000000000000e+00,0.000000000000000000e+00,0.000000000000000000e+00
-2.620877517371978271e+00,-4.213214785574135868e-01,-5.632840890585975036e-01,4.249497532277272782e+00,-7.036131302507541818e+00,-7.443604772369560862e+00
2.926744110327922144e+00,4.778562445774015899e+00,2.946491916132194078e+00,8.525849001056425180e+00,-2.832759517408363070e+00,-3.458751667332293334e+00
1.625244259312516037e+00,2.034447567527445155e+00,5.966564368988189759e-01,5.302522759876037384e+00,-5.247315961350223823e+00,-6.463722818908620660e+00
2.820379528159575599e+00,6.366184605935394814e+00,5.462542514191248699e+00,3.059701701693871456e+00,-4.256714143574435560e+00,-4.032331258578397026e+00
0.000000000000000000e+00,0.000000000000000000e+00,0.000000000000000000e+00,0.000000000000000000e+00,0.000000000000000000e+00,0.000000000000000000e+00
-1.473792733587744319e+00,6.366184605935394814e+00,-4.395783758768492255e+00,9.025775193394919294e-02,-7.177608846175898449e+00,-6.762120530246868100e+00
6.171239288160026426e+00,9.622069698036799679e+00,7.631780866969226196e+00,7.099415736710270153e+00,-1.386815396848859461e+00,-8.019131980048519459e-01
1.803827424784110400e+00,3.466934125036767345e+00,2.829011966791455723e+00,8.525849001056425180e+00,-2.470888650125976138e+00,-2.383243086859645921e+00
-2.865199789148355602e+00,7.260883512113539551e-01,-9.275123391702886355e-01,4.249497532277272782e+00,-8.079458639394276886e+00,-7.623991808379761537e+00
0.000000000000000000e+00,0.000000000000000000e+00,0.000000000000000000e+00,0.000000000000000000e+00,0.000000000000000000e+00,0.000000000000000000e+00
-5.937164263873182524e-01,9.565481341980816010e-01,-8.915405780725821350e-01,5.302522759876037384e+00,-6.182624588951517453e+00,-6.408772572266432377e+00
8.525849001056425180e+00,4.665303054596137144e+00,5.454195873812247797e+00,5.294732447852993573e+00,-2.176781557951589896e+00,-2.055222087937608411e+00
1.072936333135031006e+01,7.672619606007056170e+00,7.948607083818677310e+00,7.720005268976185775e+00,2.165706909025713056e-01,4.293512426640507806e-01
8.525849001056425180e+00,5.264150013461550870e+00,5.371366828529982484e+00,5.399202169590121336e+00,-1.972928404429068916e+00,-1.782864687443528329e+00
0.000000000000000000e+00,0.000000000000000000e+00,0.000000000000000000e+00,0.000000000000000000e+00,0.000000000000000000e+00,0.000000000000000000e+00
1.184159185732176134e+01,1.184132226924129050e+01,1.183859253981353810e+01,1.411880598799992015e+01,3.953917005979756372e+00,3.965158065792078190e+00
1.411859469977702197e+01,1.643587999999993343e+01,1.643571791433395646e+01,1.411877795313248818e+01,6.271256165685771933e+00,6.271195912568195752e+00
1.183581796898362981e+01,1.183084756127612813e+01,1.184047632326100086e+01,1.411880598799992015e+01,3.972975189518640704e+00,3.975728480865503123e+00
1.761199999999995214e+01,1.526949497580008597e+01,1.527121197689258558e+01,1.527139353629322294e+01,7.435803089947619959e+00,7.435796772754045492e+00
0.000000000000000000e+00,0.000000000000000000e+00,0.000000000000000000e+00,0.000000000000000000e+00,0.000000000000000000e+00,0.000000000000000000e+00
-7.204906248510169142e+00,-7.176466263780169719e+00,-7.179211066165602340e+00,3.207002527820670412e+00,-9.445164396860082689e+00,-9.118003391213132858e+00
1.413360924043815192e+00,4.110435811561568009e-01,-9.234963761967308615e-01,7.440590511045856559e+00,-3.750325627377347537e+00,-4.277019388699510927e+00
-6.666439806998927242e-01,-2.345601116882244597e+00,-8.854943795202459000e-01,4.249497532277272782e+00,-7.346853354383189760e+00,-6.605517702588207030e+00
-2.286872546911667747e+00,7.440590511045856559e+00,-3.539650832390178081e+00,3.449388653061146170e-01,-6.497622697169994410e+00,-5.311600991619660483e+00
0.000000000000000000e+00,0.000000000000000000e+00,0.000000000000000000e+00,0.000000000000000000e+00,0.000000000000000000e+00,0.000000000000000000e+00
-2.658332478697015944e+00,7.440590511045856559e+00,-1.978528737477778687e+00,-8.077369068730922974e-01,-6.078138775460338650e+00,-5.251411141731337828e+00
5.709945620359060392e-01,1.072936333135031006e+01,5.145042513170964504e+00,2.233562720516844458e+00,-4.182591225749086483e+00,-4.645165789243344889e+00
-4.080959180687774968e+00,-5.132150329448615267e+00,-2.084527902092044194e+00,7.440587737779550181e+00,-7.670419211561363859e+00,-7.817384150374001806e+00
-2.429876165946907918e+00,-2.039763549383259544e+00,-1.308995053510994655e+00,3.207002556954498651e+00,-8.073054576589278497e+00,-9.574219904878578546e+00
0.000000000000000000e+00,0.000000000000000000e+00,0.000000000000000000e+00,0.000000000000000000e+00,0.000000000000000000e+00,0.000000000000000000e+00
-2.649531625123850098e+00,4.662291694725684277e-01,-2.167607176016308035e+00,4.249497532277272782e+00,-6.880871583411001247e+00,-6.452135242527116787e+00
7.440590320778754041e+00,-4.977378573972034204e+00,-1.917521931865269647e+00,-2.586491477887644219e+00,-1.007573663404368958e+01,-9.710395362355191295e+00
-1.442263185372268053e+00,7.822431127089961578e-01,3.469356447648795916e-01,9.622069698036799679e+00,-3.855425768789965346e+00,-4.446174717940669652e+00
2.710776378955155774e+00,5.118584503781946626e-01,-6.220187961179690639e-02,7.440590511045856559e+00,-6.537983888534445676e+00,-5.718036575417849932e+00
0.000000000000000000e+00,0.000000000000000000e+00,0.000000000000000000e+00,0.000000000000000000e+00,0.000000000000000000e+00,0.000000000000000000e+00
-3.999314087914940252e-01,-2.569119979458511338e+00,-2.455417683993218692e+00,1.297761735818942341e+01,-6.618896396555188133e+00,-7.512137345947809131e+00
-4.900840487200000539e-01,1.761199999798304816e+01,1.048072009784065894e+00,4.872125702021109284e+00,-9.857118676761547071e-01,-2.383677840301325901e+00
-1.448975438769573687e+00,-2.229914295850738526e+00,1.597060989775049844e+00,1.297755932000617207e+01,-6.730301403241325531e+00,-6.169347433819977411e+00
1.554993087572672295e+01,1.371133988999442721e+01,1.495056986242502717e+01,1.643587999999993343e+01,6.134154526624492121e+00,6.044819966479649587e+00
0.000000000000000000e+00,0.000000000000000000e+00,0.000000000000000000e+00,0.000000000000000000e+00,0.000000000000000000e+00,0.000000000000000000e+00
-1.643117874554851809e+00,6.366184605935392149e+00,-1.807125607815165846e+00,-4.271193051381426464e+00,-7.099848373165381865e+00,-7.838731425338397507e+00
-1.665886535246283717e+00,1.072936333135023013e+01,-4.211382724670391653e-01,1.063065652822390739e+00,-4.701622262734960422e+00,-4.381552823470222791e+00
-1.355215201294923677e+00,7.440590511045854782e+00,-7.765152690509355971e-01,-7.822710424874701474e-01,-4.483301946881984357e+00,-6.388168099308403569e+00
-7.598702343032245565e+00,2.174932531384634160e+00,-6.601826814269356802e+00,-5.087856611460495948e+00,-7.533009704279578500e+00,-9.563875199424627382e+00
0.000000000000000000e+00,0.000000000000000000e+00,0.000000000000000000e+00,0.000000000000000000e+00,0.000000000000000000e+00,0.000000000000000000e+00
-4.977159909583920516e+00,2.174932531384934808e+00,-7.147188980571031358e+00,-5.839161529602479028e+00,-8.670189750779629279e+00,-1.040801168545082334e+01
-3.988922445180558718e+00,5.302522759875943237e+00,-3.771712156303480779e+00,-1.463322403414403894e+00,-7.516273951099979200e+00,-5.426147569512433932e+00
1.297761792811991199e+01,9.902540352467541496e+00,1.148979320523341663e+01,1.139713311223306391e+01,2.770722694546569720e+00,2.323631123175491808e+00
8.525849001056425180e+00,6.054986429467845710e+00,7.369706668624036894e+00,7.131288696779697567e+00,-1.699342644422483284e+00,-1.727660180531864320e+00
0.000000000000000000e+00,0.000000000000000000e+00,0.000000000000000000e+00,0.000000000000000000e+00,0.000000000000000000e+00,0.000000000000000000e+00
9.622069698036799679e+00,6.826255369437838283e+00,8.387424416077143619e+00,8.131782585526392992e+00,-7.231261728201757721e-01,-7.987763101711500280e-01
-4.574494337080042605e+00,4.249497532277239920e+00,-4.294711328003703699e+00,-5.108601498714561373e+00,-1.078283592540505609e+01,-9.913968183565504688e+00
-3.653335683891908658e+00,6.366184605935298002e+00,-3.542110128476672948e+00,-1.124501205961025097e+00,-7.273131933087936929e+00,-6.067837396097434777e+00
-4.528645404156288024e+00,4.249497532277272782e+00,-3.336608161258457272e+00,-4.856688049919625882e+00,-9.700693816841065242e+00,-9.362585492588801017e+00
0.000000000000000000e+00,0.000000000000000000e+00,0.000000000000000000e+00,0.000000000000000000e+00,0.000000000000000000e+00,0.000000000000000000e+00
1.377103228297730553e+01,1.643587999999993343e+01,1.490571894300153843e+01,1.486783964607458408e+01,6.018240677430083174e+00,6.044551017382899794e+00
9.378717670116170524e+00,1.184784174883870378e+01,1.001591321588484540e+01,1.041258983577756325e+01,1.502628579046915602e+00,1.610844963573294431e+00
1.879999999999996874e+01,1.643528123758254011e+01,1.761182115730622399e+01,1.761187030391938890e+01,8.609884736443026654e+00,8.611893536175108110e+00
1.060358719161043695e+01,1.297761792811991199e+01,1.173691439828517780e+01,1.156182835554730737e+01,2.529327392565522192e+00,2.667364415236702424e+00
0.000000000000000000e+00,0.000000000000000000e+00,0.000000000000000000e+00,0.000000000000000000e+00,0.000000000000000000e+00,0.000000000000000000e+00
-1.490284630217564299e+00,5.302522759876037384e+00,-4.279442184499304247e+00,-3.201726722281171167e+00,-8.544393163831411897e+00,-8.249065759211399396e+00
8.606352182306288290e-01,9.622069698036799679e+00,9.257590190614051195e-01,6.900916636016850569e-01,-2.970999488482892303e+00,-2.964497638739178598e+00
-7.953172840459651338e-01,6.366184605935394814e+00,-2.684273566905575947e+00,-4.182350931784244885e+00,-5.079568400582389565e+00,-7.070706810029341760e+00
-4.650023421905782328e+00,3.207002556954495542e+00,-3.335606077871502428e+00,-4.393226419993149001e+00,-1.032421041419056529e+01,-8.494293075526268666e+00
0.000000000000000000e+00,0.000000000000000000e+00,0.000000000000000000e+00,0.000000000000000000e+00,0.000000000000000000e+00,0.000000000000000000e+00
-6.043200294350374868e+00,-2.716927943588075767e+00,3.207002487881437158e+00,-6.866592380516072680e+00,-9.637882857851193918e+00,-9.372684818978717303e+00
-4.770758861364654102e+00,6.366184605935394814e+00,-1.736790452568792276e+00,-5.759486910395028580e-02,-6.142896220907704041e+00,-8.881263991697819549e+00
-4.199959062379458707e+00,9.622069698036790797e+00,-3.083230310692685272e+00,7.999156315156134012e-01,-4.969333094307797793e+00,-2.731636468945294105e+00
-2.139450988243475571e+00,5.302522759876037384e+00,-1.048526752429003395e+00,-3.079026540187085548e+00,-9.606862448732426785e+00,-6.303291905257401240e+00
0.000000000000000000e+00,0.000000000000000000e+00,0.000000000000000000e+00,0.000000000000000000e+00,0.000000000000000000e+00,0.000000000000000000e+00
-1.846773566735157246e+00,6.366184605935394814e+00,-3.811446321041153329e+00,-2.948749689331296331e+00,-6.654879465134752259e+00,-7.852469986571107619e+00
-4.307158870632803449e+00,5.302522515862842845e+00,-2.964189015632002544e+00,-4.088858113903966363e+00,-9.242882675281355986e+00,-1.007485950236033823e+01
-2.170658522559900661e-01,7.440590511045845012e+00,-2.733785699253151513e+00,-2.859943147982387135e+00,-4.907604134292533615e+00,-5.657748647035500511e+00
-2.748818659756589788e+00,-4.704561598428554703e+00,5.302522759876037384e+00,-2.958553453255228671e+00,-9.215810599770385636e+00,-6.703887551580682391e+00
0.000000000000000000e+00,0.000000000000000000e+00,0.000000000000000000e+00,0.000000000000000000e+00,0.000000000000000000e+00,0.000000000000000000e+00
-1.375695418064178943e+00,1.526285909678180630e+01,-1.339295111588398868e+00,3.122158160787478209e-01,-3.934761555934540134e+00,-4.991255184769998188e+00
-1.736380857964644253e+00,1.296853245213822703e+01,-1.416564662886297121e-01,-1.534612584390468104e+00,-2.852168814669325592e+00,-5.035811952990953522e+00
-1.195141591429118577e+00,1.526227350335558874e+01,-1.128492790478679453e+00,1.732141808432052787e-01,-7.200565413349872657e+00,-5.053092261645640626e+00
-1.202536545537285395e+00,1.409192178028579434e+01,1.435283646966205140e+00,1.445635734884125334e+00,-3.474739000000000466e+00,-2.878721989565563799e+00
0.000000000000000000e+00,0.000000000000000000e+00,0.000000000000000000e+00,0.000000000000000000e+00,0.000000000000000000e+00,0.000000000000000000e+00
-3.388360952261233905e+00,4.249497532277272782e+00,-3.656424415917227222e+00,-4.310719127731754696e+00,-6.897594472529865683e+00,-1.195601578498073003e+01
-1.079846553163702705e+00,-1.351376336604661388e+00,5.155982573089754606e-01,8.525849001056416299e+00,-7.753090309892681553e+00,-6.567434587347751318e+00
-4.544461068982164953e+00,5.302522759876025837e+00,-5.372844439182459020e+00,-2.472915362173366383e+00,-6.970460084387483768e+00,-8.081882407718680383e+00
-4.126581708769850643e+00,4.249497532277272782e+00,-3.806510436616571180e+00,-4.637602113661076331e+00,-7.232037828586868500e+00,-1.035335095031256714e+01
0.000000000000000000e+00,0.000000000000000000e+00,0.000000000000000000e+00,0.000000000000000000e+00,0.000000000000000000e+00,0.000000000000000000e+00
-5.148094373945180657e-02,4.249497532277272782e+00,-1.264475830741904616e+00,-4.440653141881075960e+00,-6.897335971319368930e+00,-7.324264318414556385e+00
-2.624680410936830910e+00,7.440590511045856559e+00,-1.542719195273543509e+00,-1.146120067020557798e+00,-4.230722100989058099e+00,-8.519100109727226311e+00
-3.454938376459848470e+00,8.525849001056416299e+00,3.925240474907150112e-01,-2.052493702184793323e-01,-7.173847543284371575e+00,-4.140673363249430139e+00
-5.242011882369611797e+00,-5.787868293792545415e+00,-5.034574155603452894e+00,4.249497524118551972e+00,-9.652618898003744619e+00,-9.942149146585180119e+00
0.000000000000000000e+00,0.000000000000000000e+00,0.000000000000000000e+00,0.000000000000000000e+00,0.000000000000000000e+00,0.000000000000000000e+00
-2.011040275573733993e+00,5.302522759876037384e+00,-3.427773701256494387e+00,-5.103658708372319275e+00,-5.800886622686894256e+00,-7.568253887748935149e+00
-1.730834353882406917e+00,6.366184605935394814e+00,-1.049999396199937651e-01,-1.960213409285638253e-01,-7.095453882872464924e+00,-7.508834557800748044e+00
-2.642824076049503201e+00,8.525849001056425180e+00,5.067246849251378915e-01,-9.321500770982111828e-01,-3.843849500135335440e+00,-4.652303014518782476e+00
-1.636563000385639288e+00,6.366184605935394814e+00,1.706595074554356328e+00,-1.606262426337516924e+00,-7.227207085710084300e+00,-6.600249444096065510e+00
0.000000000000000000e+00,0.000000000000000000e+00,0.000000000000000000e+00,0.000000000000000000e+00,0.000000000000000000e+00,0.000000000000000000e+00
-1.507873131114382037e+00,1.409119978780778126e+01,-1.173418281199547497e-01,-1.398388512928053551e+00,-6.080981270761871116e+00,-2.842422638636637355e+00
-1.327089140467099027e+00,1.411422869795989143e+01,4.335859345770076700e-02,-1.372202299734779141e+00,-5.553418346315361021e+00,-4.971502167678672812e+00
-1.338916487624673746e+00,1.410079706139007349e+01,-1.927230805669499780e-01,2.875375307408451153e+00,-2.859331210827376957e+00,-4.583920547333369733e+00
-1.214302502407412332e+00,1.523137207627496892e+01,-1.079888536501425689e+00,-1.087690518977701526e+00,-4.881281714041440623e+00,-2.312586494270880699e+00
0.000000000000000000e+00,0.000000000000000000e+00,0.000000000000000000e+00,0.000000000000000000e+00,0.000000000000000000e+00,0.000000000000000000e+00
-2.574692917814954018e+00,3.207002556954498651e+00,-2.222761230125917642e+00,-6.429396547357931979e+00,-8.259778201091222627e+00,-7.922189739193652436e+00
-3.838535883978266394e+00,7.440590511045847677e+00,-7.568511976779124240e-01,-4.831881991043129432e+00,-6.937141866282146907e+00,-6.864297501491427589e+00
-1.508982437144436695e+00,4.249497532277272782e+00,-4.719842257851714962e+00,-3.749447603836998155e+00,-6.480062918775858272e+00,-8.847799325172124085e+00
-2.444940043278406527e+00,5.302522759876037384e+00,-1.393828551890656797e+00,-3.355142003781763638e+00,-8.649220944024476054e+00,-9.480330887775245685e+00
0.000000000000000000e+00,0.000000000000000000e+00,0.000000000000000000e+00,0.000000000000000000e+00,0.000000000000000000e+00,0.000000000000000000e+00
-2.602459092886785896e+00,5.302522759875793135e+00,-4.217957874569930432e+00,-2.996063606972852789e+00,-7.964526136437605430e+00,-6.406554415097762245e+00
-1.229425835941335698e+00,8.525849001056425180e+00,1.044882303010558511e+00,-1.592933270447502325e+00,-5.177183760757048780e+00,-7.058095632747528825e+00
-1.612366053314946868e+00,7.440590511045856559e+00,-1.365409830910983224e+00,-2.880858978059773090e+00,-4.237964879228930393e+00,-4.411337753566087372e+00
-6.203915265848692684e+00,3.207002556954435590e+00,-4.825259856794176905e+00,-6.914027070918109530e+00,-9.858283791494125481e+00,-8.185239968030808555e+00
0.000000000000000000e+00,0.000000000000000000e+00,0.000000000000000000e+00,0.000000000000000000e+00,0.000000000000000000e+00,0.000000000000000000e+00
-4.711393843577996954e+00,4.249497532277272782e+00,-3.197996520452904612e+00,-5.919312172047559883e+00,-7.243422018326345579e+00,-6.957551177183405322e+00
9.622069698036799679e+00,7.168631434615154951e+00,7.020884090730322491e+00,7.779586200850868494e+00,-5.124001297007606537e-01,-1.010053480975922291e+00
1.184784174883870378e+01,9.069530176820084222e+00,9.237268718885307095e+00,1.024236148885117004e+01,1.219609655470788034e+00,1.523108859406124393e+00
9.622069698036799679e+00,7.042626806982047682e+00,6.483456967049979980e+00,7.991390481969005144e+00,-8.444382143828055298e-01,-9.475743247352587106e-01
0.000000000000000000e+00,0.000000000000000000e+00,0.000000000000000000e+00,0.000000000000000000e+00,0.000000000000000000e+00,0.000000000000000000e+00
1.055602594575201536e+01,1.297761792811991199e+01,9.739723078266688816e+00,1.146438513145039018e+01,2.523150233966825695e+00,2.442734775993091745e+00
1.279465941124638562e+01,1.527152119999992763e+01,1.196702442430192193e+01,1.401341239649666903e+01,4.883773498242597100e+00,4.857778703259720388e+00
1.048381126521843854e+01,1.297761792811991199e+01,8.259103779173534221e+00,1.135935043409979528e+01,2.515135539364934392e+00,2.512015781316128571e+00
1.879999999999996874e+01,1.643579887201388701e+01,1.643493655603423775e+01,1.761134947370644710e+01,8.611654434840209760e+00,8.611882660281628077e+00
0.000000000000000000e+00,0.000000000000000000e+00,0.000000000000000000e+00,0.000000000000000000e+00,0.000000000000000000e+00,0.000000000000000000e+00
-4.963687667582788343e+00,-5.813654951280529559e+00,-6.641316335793458592e+00,2.174932531384923262e+00,-8.978888819839461632e+00,-9.131835134447989333e+00
-4.124121547046648573e+00,6.366184605935394814e+00,-1.463808139078827342e+00,-3.549083053667232424e-01,-7.193207820301524613e+00,-7.278638668204700402e+00
-5.048259237770811758e+00,3.207002556954490657e+00,-6.572174278478136067e+00,-3.898690834022979779e+00,-8.281968787042934821e+00,-7.762158695627733529e+00
-4.501898708666681515e+00,6.366184605934694041e+00,-3.052904424395455507e+00,-4.571585893728387973e+00,-7.908890904529884303e+00,-7.805219951617929475e+00
0.000000000000000000e+00,0.000000000000000000e+00,0.000000000000000000e+00,0.000000000000000000e+00,0.000000000000000000e+00,0.000000000000000000e+00
-9.549457877806141193e-01,6.366184605935329976e+00,-2.586101485494884500e+00,-3.659011699514264748e+00,-9.235964084911117311e+00,-7.258629017642761916e+00
-2.655626312173518855e+00,9.622069698036796126e+00,5.558378672089219208e-01,-3.653046403051645630e+00,-6.888268985954029588e+00,-3.331560967939694251e+00
-5.356477268930247781e+00,-4.158954887095482889e+00,-2.504224912751879195e+00,6.366183588400190274e+00,-8.856511549842972286e+00,-8.092481879409069379e+00
-6.495226797774275695e+00,2.174932531384950352e+00,-7.088621773140141080e+00,-5.748242181168512488e+00,-1.045495327228730531e+01,-1.124583511940333658e+01
0.000000000000000000e+00,0.000000000000000000e+00,0.000000000000000000e+00,0.000000000000000000e+00,0.000000000000000000e+00,0.000000000000000000e+00
-4.928144632412987391e+00,3.207002556954491990e+00,-5.410717863799933802e+00,-3.850709427581604949e+00,-1.038852616100722237e+01,-7.467632114203262006e+00
-1.715219323803315321e+00,-3.057561870027334372e+00,-2.183953619035496896e+00,8.525849001056425180e+00,-8.649866768577597398e+00,-6.827934929457150304e+00
-9.498174540995971693e-01,-1.512703027613249818e+00,-1.100143215126507146e+00,1.072936332729524977e+01,-4.277069022035587587e+00,-2.923736385013051109e+00
1.055332490036914539e+00,-2.170749318176925513e+00,-4.170137374335044278e+00,8.525848992126174863e+00,-9.234492628027208383e+00,-7.867005351964976967e+00
0.000000000000000000e+00,0.000000000000000000e+00,0.000000000000000000e+00,0.000000000000000000e+00,0.000000000000000000e+00,0.000000000000000000e+00
-2.169402246979147630e+00,1.168390922869029680e+01,-2.733282376007325265e+00,-2.684302364360211079e+00,-9.318789556237801364e+00,-9.350568174472211780e+00
-7.124675425451676425e-01,-7.211085121013860455e-01,-6.960478646500308786e-01,1.394153155043544245e+01,-3.511403569810000125e+00,-1.936887409899999968e+00
-2.413973439308416236e+00,1.127848168985244826e+01,-2.367546091520668750e+00,-2.358045050702516576e+00,-2.862645250183078360e+00,-5.992576620786294939e+00
-1.900000000000000022e-01,2.587586047999987926e+00,1.452303147864674404e+00,1.761199124741339972e+01,7.388741034068599944e-01,-1.000000000000000000e+00
0.000000000000000000e+00,0.000000000000000000e+00,0.000000000000000000e+00,0.000000000000000000e+00,0.000000000000000000e+00,0.000000000000000000e+00
-4.916870761725336436e+00,5.302522397760355943e+00,-2.987043289055452799e+00,-3.869526875655964204e+00,-9.020702088677774455e+00,-8.253117231456769787e+00
-1.835892923152040224e+00,9.622066316113677686e+00,-1.890024683864400146e+00,-2.354693856446327338e+00,-4.583978822126104191e+00,-4.757013998022578072e+00
-2.982274535146178351e+00,6.366184181457937186e+00,-3.845512831275605503e+00,-2.611967679432108946e-01,-5.097791092805776358e+00,-7.016815550984696337e+00
-7.841558717712266535e+00,1.153181210901512932e+00,-7.787934261139352721e+00,-5.859132752114406983e+00,-9.375210575214113717e+00,-9.916416689762657555e+00
0.000000000000000000e+00,0.000000000000000000e+00,0.000000000000000000e+00,0.000000000000000000e+00,0.000000000000000000e+00,0.000000000000000000e+00
-7.864700618531069942e+00,1.153182844977025612e+00,-7.186657712728782954e+00,-6.938008928775195372e+00,-9.584494989687520672e+00,-1.126007858349066204e+01
-5.768043754467658601e+00,4.249495068215018989e+00,-5.704111248878283469e+00,-4.389965803301622671e+00,-9.772976713084634781e+00,-7.283934541662071993e+00
1.281803646108909334e+01,1.146786714993914735e+01,1.235271305879918735e+01,1.241359563757396600e+01,1.411880598799992015e+01,3.620188447853371017e+00
8.371066579795842344e+00,7.364855339295827363e+00,8.356068158658407796e+00,8.435117484086642747e+00,9.622069698036799679e+00,-9.829610166672400062e-01
0.000000000000000000e+00,0.000000000000000000e+00,0.000000000000000000e+00,0.000000000000000000e+00,0.000000000000000000e+00,0.000000000000000000e+00
9.291391832326182154e+00,8.223714922935180027e+00,9.464996557812005662e+00,9.122659142556369005e+00,1.072936333135031006e+01,4.765317358773026868e-01
-6.366022418396857674e+00,3.207000455044979326e+00,-6.344463000577382772e+00,-7.275615678790630092e+00,-1.129745814001871018e+01,-1.109266797706951024e+01
-3.959674372976814460e+00,5.302521242628584375e+00,-4.864948544772129679e+00,-4.216123200962575091e+00,-7.725258270611965017e+00,-7.417649694450437536e+00
-7.021503317142610889e+00,3.207001928531802548e+00,-6.158487748738225243e+00,-7.028229363739805891e+00,-1.183382508711891390e+01,-8.931215606175937793e+00
0.000000000000000000e+00,0.000000000000000000e+00,0.000000000000000000e+00,0.000000000000000000e+00,0.000000000000000000e+00,0.000000000000000000e+00
1.384971532687610818e+01,1.527152119999992763e+01,1.325169831104472706e+01,1.373646540764354995e+01,4.608137504660440698e+00,1.264807018184739107e+01
9.123221764691564317e+00,1.072936333135031006e+01,8.929869756498451494e+00,9.356627928142401629e+00,2.223308480350132399e-01,8.306281344752434848e+00
1.879970257240366038e+01,1.761175190276591351e+01,1.879989527043562703e+01,1.879971002381490308e+01,9.799959204056602147e+00,1.999999999999998579e+01
9.936881610988592683e+00,1.184784174883870378e+01,1.056630397181500669e+01,1.056576402573871043e+01,1.508185814961877647e+00,9.143921544932840817e+00
0.000000000000000000e+00,0.000000000000000000e+00,0.000000000000000000e+00,0.000000000000000000e+00,0.000000000000000000e+00,0.000000000000000000e+00
-6.268533164244107780e+00,4.249496713500115597e+00,-5.371129951122346924e+00,-2.355855457678721177e+00,-7.646987653141336772e+00,-9.077450487240914967e+00
-1.566850943363776505e+00,8.525848609478263285e+00,-2.683550288766179293e+00,-2.804612881490177845e+00,-7.554839998326904116e+00,-6.388415158366901991e+00
-4.465059765564497241e+00,5.302518389839439017e+00,-4.357262705818528481e+00,-2.973127355743355071e+00,-9.667672052711832720e+00,-7.147702047423846849e+00
-6.142359679038838394e+00,2.174931521636483289e+00,-5.226551651391252662e+00,-5.844879484531034564e+00,-9.633150278369770447e+00,-1.102751703921100024e+01
0.000000000000000000e+00,0.000000000000000000e+00,0.000000000000000000e+00,0.000000000000000000e+00,0.000000000000000000e+00,0.000000000000000000e+00
-5.200664041867050003e+00,-6.092610857211925079e+00,2.174930628572623093e+00,-6.198988318854352642e+00,-9.482440402030054116e+00,-9.423159871941873433e+00
-2.564578626097471226e+00,5.302522624124493156e+00,-3.926355535114284923e+00,-3.237664295653495561e+00,-6.529542962137212747e+00,-7.551091503946556927e+00
-4.468749122850717015e+00,8.525847078576237692e+00,-4.491177019979227580e+00,-2.227481040696519976e+00,-6.759913628080533421e+00,-5.060045116329242809e+00
-3.437794162723365687e+00,4.249497532277263900e+00,-6.100390783877064571e+00,-5.074283307702159185e+00,-9.125604538571936430e+00,-9.172982778106023360e+00
0.000000000000000000e+00,0.000000000000000000e+00,0.000000000000000000e+00,0.000000000000000000e+00,0.000000000000000000e+00,0.000000000000000000e+00
-2.683818839162771752e+00,5.302522428510608954e+00,-6.384068035491779369e+00,-2.705368469871137993e+00,-7.372660458328550881e+00,-8.129022450342114681e+00
-5.474807084927025613e+00,-5.188594495560407971e+00,4.249497146768103306e+00,-5.356861324108945333e+00,-9.400410779896056113e+00,-9.922901463693461821e+00
-4.051189355533248992e+00,6.366181969192759915e+00,-3.987988599012618707e+00,-3.048822656649950336e+00,-6.376509557489078439e+00,-5.648494165428979308e+00
-4.801854118842859620e+00,4.249497334007152460e+00,-5.319219373763032443e+00,-6.033343816563305317e+00,-7.625618209034958461e+00,-9.102859533260978964e+00
0.000000000000000000e+00,0.000000000000000000e+00,0.000000000000000000e+00,0.000000000000000000e+00,0.000000000000000000e+00,0.000000000000000000e+00
-1.336241634883834406e+00,1.612444981444314696e+00,-1.545449467998767146e+00,-1.358045536346263571e+00,-7.338372557454134970e+00,-4.847416803533473484e+00
-1.659528520792533435e+00,-1.576263126910535384e+00,-1.524000696488191586e+00,-1.672047481953481407e+00,-4.214951818565069175e+00,-1.929573280000000057e+00
-1.261582164822983909e+00,1.939811256032683007e+00,-1.290168827514410532e+00,-1.279891542477910482e+00,-5.989079547254966052e+00,-3.536969602537253898e+00
-1.370768492217298906e+00,3.447358281900170240e-02,-1.277956868896464426e+00,-1.284036064480974071e+00,-5.479578407088259162e+00,-6.910579694708119725e+00
0.000000000000000000e+00,0.000000000000000000e+00,0.000000000000000000e+00,0.000000000000000000e+00,0.000000000000000000e+00,0.000000000000000000e+00
-6.315366010351274539e+00,3.207002290132350275e+00,-5.501217631666484031e+00,-4.502804697043434778e+00,-9.140037311436383760e+00,-7.173707729178684822e+00
-2.760290115633225128e+00,7.440582889853305737e+00,-2.754293160917590910e+00,-2.619150537630885900e+00,-6.781761679828590239e+00,-6.709497037695316912e+00
-3.138186982735790220e+00,4.249496824652610805e+00,-2.515213152582334022e+00,-5.542798434052770062e+00,-7.219571244640726526e+00,-7.706953559851179136e+00
-6.217055962307109773e+00,3.207000385383159902e+00,-5.117686288936188710e+00,-6.799148647799929890e+00,-9.934510399190646268e+00,-1.014808876641069091e+01
0.000000000000000000e+00,0.000000000000000000e+00,0.000000000000000000e+00,0.000000000000000000e+00,0.000000000000000000e+00,0.000000000000000000e+00
-3.840982120604438776e+00,3.207002556954461792e+00,-5.899618482287349863e+00,-4.759139220016514571e+00,-1.031372762900035589e+01,-8.624339662874032086e+00
-4.812273590226456399e+00,6.366184060860140548e+00,-2.089788401210586066e+00,-3.171157013596003882e+00,-6.631750376486271747e+00,-6.591501953357949972e+00
-4.677467829362857543e+00,7.440589029940181121e+00,-4.649644870100004823e+00,-3.425128511881675664e+00,-6.171516414810966467e+00,-5.167702453450862876e+00
-5.389765900433627799e+00,-6.053727663554775873e+00,-6.162206380513449488e+00,3.207002217144322653e+00,-8.875799796796153274e+00,-9.262468795985997261e+00
0.000000000000000000e+00,0.000000000000000000e+00,0.000000000000000000e+00,0.000000000000000000e+00,0.000000000000000000e+00,0.000000000000000000e+00
-5.605010236742399066e+00,4.249496774555737488e+00,-6.555208876436397603e+00,-4.513567596960869288e+00,-8.425644842563196235e+00,-6.709146106320655001e+00
-5.087595869193681786e+00,5.302522759876032055e+00,-4.115391484126708299e+00,-4.318543335297137631e+00,-9.071349761404684742e+00,-9.960968256206230720e+00
-2.843153320588280408e+00,7.440587024805452643e+00,-2.000783896131522077e+00,-3.874691053016211306e+00,-4.195073444262988893e+00,-5.745115608144586439e+00
-4.013587724979704952e+00,5.302522651236908580e+00,-4.944776748788219933e+00,-3.234854732652947540e+00,-1.046616742333893946e+01,-8.652233658652500381e+00
0.000000000000000000e+00,0.000000000000000000e+00,0.000000000000000000e+00,0.000000000000000000e+00,0.000000000000000000e+00,0.000000000000000000e+00
-1.375792433277729154e+00,-1.454175751385196058e+00,-1.385683869736399565e+00,-1.313411996793575343e+00,-4.298644708725349872e+00,-6.928007815126945523e+00
-1.533314578790993643e+00,2.417835933689035599e+00,-1.575515445942678339e+00,-1.511590584727099618e+00,-1.969120590088534017e+00,-6.009911512579014570e+00
-1.263814141562020987e+00,1.698296269893118104e-01,-1.278115346718277090e+00,-1.278690911947519604e+00,-4.140720190000000578e+00,-4.210431636456810622e+00
-1.192450636277712750e+00,-6.088364867407847214e-02,-1.277569009893515295e+00,-1.276937218905861426e+00,-4.318887354543324619e+00,-5.468484090367350170e+00
0.000000000000000000e+00,0.000000000000000000e+00,0.000000000000000000e+00,0.000000000000000000e+00,0.000000000000000000e+00,0.000000000000000000e+00
-6.036918115093255821e+00,2.174932359168652685e+00,-6.880754251654490616e+00,-6.070047464790317981e+00,-9.814995380311897222e+00,-8.561999083483385675e+00
-5.129000446213771269e+00,6.366178572095633648e+00,-1.165207899450857454e+00,-4.277959361877732292e+00,-7.966621451610557791e+00,-7.318459248037541442e+00
-4.272990777149089148e+00,3.207002525804981019e+00,-5.248336206089266653e+00,-5.818251742128779824e+00,-8.336380173719920350e+00,-9.248949400742244364e+00
-4.902106324803861881e+00,4.249497356526309666e+00,-3.103049428767752360e+00,-5.786915190539266618e+00,-8.324783261049237382e+00,-9.126604656236542823e+00
0.000000000000000000e+00,0.000000000000000000e+00,0.000000000000000000e+00,0.000000000000000000e+00,0.000000000000000000e+00,0.000000000000000000e+00
-4.304567725927787691e+00,4.249497253085031012e+00,-4.117683187397332745e+00,-4.324073872683213970e+00,-9.163239936803901031e+00,-9.952115951016841322e+00
-2.959042111913427586e+00,7.440587994261278482e+00,-2.973023747437079312e+00,-1.990174934916337346e+00,-6.456887875389752729e+00,-4.956748187946979911e+00
-3.307401578079171234e+00,6.366184605935059970e+00,-3.547194582667029028e+00,-1.668787121755432867e+00,-8.184113170158180850e+00,-6.670101289102182918e+00
-7.187450573215937943e+00,2.174929984997336696e+00,-8.154290567830859260e+00,-3.786099915026068796e+00,-1.103608392967163176e+01,-1.084478498257219314e+01
0.000000000000000000e+00,0.000000000000000000e+00,0.000000000000000000e+00,0.000000000000000000e+00,0.000000000000000000e+00,0.000000000000000000e+00
-5.756914062388100994e+00,3.207002279002308498e+00,-7.199183671882058100e+00,-6.262083937634506547e+00,-8.536591791618477032e+00,-7.689443440022812659e+00
9.506452827387363413e+00,8.273534786851348244e+00,7.252369808708964527e+00,9.244226186564668879e+00,1.072936333135031006e+01,3.685914095040572769e-01
1.166963355849801509e+01,1.042289741561614846e+01,1.049734870388043717e+01,1.114996904853202508e+01,1.297761792811991199e+01,2.796290321167236748e+00
9.015034861944508648e+00,8.432391134609186878e+00,8.318379498485430901e+00,8.686394820244187187e+00,1.072936333135031006e+01,5.629701218514112648e-01
0.000000000000000000e+00,0.000000000000000000e+00,0.000000000000000000e+00,0.000000000000000000e+00,0.000000000000000000e+00,0.000000000000000000e+00
1.054320426295754309e+01,1.184784174883870378e+01,6.293178969237520626e+00,1.042448336908944562e+01,9.759343116794144679e-01,9.135352282941161306e+00
1.271986091176617606e+01,1.411880598799992015e+01,1.031793483178730497e+01,1.277130146424075718e+01,3.702732688957037333e+00,1.164924742363869647e+01
1.056361028298426596e+01,1.184784174883870378e+01,8.357878037511394353e+00,1.001359168989429982e+01,1.628110032061934387e+00,9.031004652440348224e+00
1.879930842851379680e+01,1.761192150983605131e+01,1.760813404617026734e+01,1.879876480471365241e+01,9.799956247896487227e+00,1.999999999999998579e+01
0.000000000000000000e+00,0.000000000000000000e+00,0.000000000000000000e+00,0.000000000000000000e+00,0.000000000000000000e+00,0.000000000000000000e+00
-7.057911284513467720e+00,1.153181926799475177e+00,-7.923485650908295597e+00,-6.949714181732453255e+00,-8.684387429817371995e+00,-8.756970852578557896e+00
-5.200443947892187779e+00,5.302522679582984289e+00,-4.209404464636529397e+00,-4.161345998238930477e+00,-6.320396364155585367e+00,-6.457097442192879733e+00
-5.280398922478797274e+00,2.174932383462925500e+00,-4.295893805051527181e+00,-5.905657404022830903e+00,-8.624795927307465249e+00,-9.116450082602037597e+00
-3.964866028565577682e+00,5.302514439582187933e+00,-3.943850556692159781e+00,-4.106231615727056194e+00,-8.949863864482276554e+00,-9.744784746622793037e+00
0.000000000000000000e+00,0.000000000000000000e+00,0.000000000000000000e+00,0.000000000000000000e+00,0.000000000000000000e+00,0.000000000000000000e+00
-4.459221072581212475e+00,5.302521920039705350e+00,-4.983083319498726738e+00,-3.818257011079106533e+00,-9.523801320269081216e+00,-9.798003338624184266e+00
-2.763513049802224231e+00,8.525848802719186992e+00,-3.750894882739093994e+00,-1.160314971209401413e+00,-7.615645827639960785e+00,-5.831569299020723740e+00
-2.871605312307040858e+00,-4.354091984462321818e+00,-5.352564112175877575e+00,5.302510755794118680e+00,-6.864171951014347073e+00,-8.020772972368936493e+00
-8.343431942978288163e+00,1.153182012573605197e+00,-6.679863210916789029e+00,-7.358673328679867787e+00,-9.356016243593373360e+00,-1.145358646261779967e+01
0.000000000000000000e+00,0.000000000000000000e+00,0.000000000000000000e+00,0.000000000000000000e+00,0.000000000000000000e+00,0.000000000000000000e+00
-5.824977833938934424e+00,2.174931886106005852e+00,-5.796912717733026632e+00,-6.447095796063350370e+00,-8.601476431732088201e+00,-8.485352002071476107e+00
-2.982747053185237363e+00,-4.328119484970422093e+00,-3.107048904418239665e+00,9.622069520282021671e+00,-1.071078233041175309e+01,-9.562926639382641980e+00
4.707218503652981223e-01,1.212369269006446260e+00,2.450592794913328376e+00,1.184784174632473963e+01,-2.759858416629589861e+00,-4.422948590531833979e+00
-3.741996537264496769e+00,-1.711778117492187556e+00,-2.714773164927268390e+00,9.622069696246734694e+00,-8.956915254323472908e+00,-8.450831330850554934e+00
0.000000000000000000e+00,0.000000000000000000e+00,0.000000000000000000e+00,0.000000000000000000e+00,0.000000000000000000e+00,0.000000000000000000e+00
-3.011172994656727830e+00,-2.934024919039326385e+00,-2.948889603372200074e+00,9.876236217275737417e+00,-8.846939476704863026e+00,-8.236013620655624479e+00
-9.873671906047463143e-01,4.083210642379698219e-01,1.753622670639286563e-01,1.266466696055736207e+01,-5.447959931094809249e+00,-5.868214193575900239e+00
-2.621129026619544167e+00,-2.382784416452075948e+00,-2.585636534820102028e+00,1.047531685393279233e+01,-6.063954091374723632e+00,-5.862087746509347497e+00
3.264824578784558451e+00,2.475363662088985173e+00,4.161820467453370420e-01,1.879967672669766543e+01,7.196523317730989522e-01,-1.000000000000000000e+00
